,IC(%),t-value,IC+(%),IC-(%),RankIC(%),ICIR,Winning Rate(%),IC_Min(%),IC_Max(%)
mom_longEndMom_160D,2.6547243583648212,11.582196866606143,0.6740252024568024,2.019455150066397,4.5699991667202555,0.4066694553658509,67.26907630522089,-20.189550666455396,23.253659213559743
,IC(%),t-value,IC+(%),IC-(%),RankIC(%),ICIR,Winning Rate(%),IC_Min(%),IC_Max(%)
mom_longEndMom_160D,2.6547243583648212,11.582196866606143,0.6740252024568024,2.019455150066397,4.5699991667202555,0.4066694553658509,67.26907630522089,-20.189550666455396,23.253659213559743
,IC(%),t-value,IC+(%),IC-(%),RankIC(%),ICIR,Winning Rate(%),IC_Min(%),IC_Max(%)
mom_longEndMom_160D,2.6547243583648212,11.582196866606143,0.6740252024568024,2.019455150066397,4.5699991667202555,0.4066694553658509,67.26907630522089,-20.189550666455396,23.253659213559743
